AA,Codon,Count,RSCU,Fill,Equality,%AT,aaRatio
Phe,UUU,279,1.78,1,-0.5,8.89,
Phe,UUC,34,0.22,2,-0.5,1.08,10.01
Leu2,UUA,144,1.87,1,-0.5,4.59,
Leu2,UUG,134,1.74,2,-0.5,4.27,8.89
Leu1,CUU,86,1.11,1,-0.5,2.74,
Leu1,CUC,14,0.18,2,-0.5,0.45,
Leu1,CUA,54,0.70,3,-0.5,1.72,
Leu1,CUG,31,0.40,4,-0.5,0.99,5.92
Ile,AUU,129,1.49,1,-0.5,4.11,
Ile,AUC,26,0.30,2,-0.5,0.83,
Ile,AUA,105,1.21,3,-0.5,3.35,8.31
Met,AUG,88,1.00,1,-0.5,2.81,2.81
Val,GUU,132,1.57,1,-0.5,4.21,
Val,GUC,22,0.26,2,-0.5,0.70,
Val,GUA,65,0.77,3,-0.5,2.07,
Val,GUG,117,1.39,4,-0.5,3.73,10.75
Ser2,UCU,78,1.66,1,-0.5,2.49,
Ser2,UCC,24,0.51,2,-0.5,0.77,
Ser2,UCA,34,0.72,3,-0.5,1.08,
Ser2,UCG,26,0.55,4,-0.5,0.83,5.18
Pro,CCU,19,0.99,1,-0.5,0.61,
Pro,CCC,18,0.94,2,-0.5,0.57,
Pro,CCA,22,1.14,3,-0.5,0.70,
Pro,CCG,18,0.94,4,-0.5,0.57,2.46
Thr,ACU,46,1.64,1,-0.5,1.47,
Thr,ACC,18,0.64,2,-0.5,0.57,
Thr,ACA,22,0.79,3,-0.5,0.70,
Thr,ACG,26,0.93,4,-0.5,0.83,3.58
Ala,GCU,61,1.94,1,-0.5,1.94,
Ala,GCC,16,0.51,2,-0.5,0.51,
Ala,GCA,30,0.95,3,-0.5,0.96,
Ala,GCG,19,0.60,4,-0.5,0.61,4.03
Tyr,UAU,103,1.43,1,-0.5,3.28,
Tyr,UAC,41,0.57,2,-0.5,1.31,4.61
His,CAU,31,1.15,1,-0.5,0.99,
His,CAC,23,0.85,2,-0.5,0.73,1.73
Gln,CAA,12,0.92,1,-0.5,0.38,
Gln,CAG,14,1.08,2,-0.5,0.45,0.83
Asn,AAU,41,1.02,1,-0.5,1.31,
Asn,AAC,20,0.50,2,-0.5,0.64,
Asn,AAA,60,1.49,3,-0.5,1.91,3.87
Lys,AAG,40,1.00,1,-0.5,1.28,1.28
Asp,GAU,45,1.41,1,-0.5,1.43,
Asp,GAC,19,0.59,2,-0.5,0.61,2.05
Glu,GAA,30,0.81,1,-0.5,0.96,
Glu,GAG,44,1.19,2,-0.5,1.40,2.37
Cys,UGU,53,1.26,1,-0.5,1.69,
Cys,UGC,31,0.74,2,-0.5,0.99,2.69
Trp,UGA,38,0.93,1,-0.5,1.21,
Trp,UGG,44,1.07,2,-0.5,1.40,2.62
Arg,CGU,16,1.39,1,-0.5,0.51,
Arg,CGC,3,0.26,2,-0.5,0.10,
Arg,CGA,18,1.57,3,-0.5,0.57,
Arg,CGG,9,0.78,4,-0.5,0.29,1.47
Ser1,AGU,63,1.34,1,-0.5,2.01,
Ser1,AGC,25,0.53,2,-0.5,0.80,
Ser1,AGA,70,1.49,3,-0.5,2.23,
Ser1,AGG,56,1.19,4,-0.5,1.79,6.84
Gly,GGU,75,1.24,1,-0.5,2.39,
Gly,GGC,20,0.33,2,-0.5,0.64,
Gly,GGA,63,1.05,3,-0.5,2.01,
Gly,GGG,83,1.38,4,-0.5,2.65,7.71
